{"cameraMode":{"drawMode":0,"name":"Shaded","section":"Shading Mode"},"sceneLighting":true,"audioPlay":false,"sceneViewState":{"showFog":true,"showMaterialUpdate":false,"showSkybox":true,"showFlares":false,"showImageEffects":false,"showParticleSystems":false},"in2DMode":false,"pivot":{"x":5.225711822509766,"y":52.637474060058597,"z":-28.177371978759767},"rotation":{"x":-0.40636518597602847,"y":0.1111186146736145,"z":-0.04986536502838135,"w":-0.9055606126785278},"size":0.28578585386276247,"orthographic":false}