{"cameraMode":{"drawMode":0,"name":"Shaded","section":"Shading Mode"},"sceneLighting":false,"audioPlay":false,"sceneViewState":{"showFog":true,"showMaterialUpdate":true,"showSkybox":true,"showFlares":true,"showImageEffects":true,"showParticleSystems":true},"in2DMode":false,"pivot":{"x":10.166513442993164,"y":2.3725619316101076,"z":14.51163387298584},"rotation":{"x":0.14404255151748658,"y":0.6633235216140747,"z":-0.13225223124027253,"w":0.7223708033561707},"size":3.54345965385437,"orthographic":false}