{"cameraMode":{"drawMode":0,"name":"Shaded","section":"Shading Mode"},"sceneLighting":false,"audioPlay":false,"sceneViewState":{"showFog":true,"showMaterialUpdate":true,"showSkybox":true,"showFlares":true,"showImageEffects":true,"showParticleSystems":true},"in2DMode":false,"pivot":{"x":-14.238643646240235,"y":-5.993795394897461,"z":4.021090030670166},"rotation":{"x":0.2529181241989136,"y":-0.5016632676124573,"z":0.1561770737171173,"w":0.812402606010437},"size":31.38247299194336,"orthographic":false}