{"cameraMode":{"drawMode":0,"name":"Shaded","section":"Shading Mode"},"sceneLighting":false,"audioPlay":false,"sceneViewState":{"showFog":true,"showMaterialUpdate":true,"showSkybox":true,"showFlares":true,"showImageEffects":true,"showParticleSystems":true},"in2DMode":false,"pivot":{"x":7.636247158050537,"y":2.569228172302246,"z":2.3369088172912599},"rotation":{"x":-0.11452692747116089,"y":-0.8298581838607788,"z":0.1849721074104309,"w":-0.5138228535652161},"size":3.13401460647583,"orthographic":false}