{"cameraMode":{"drawMode":0,"name":"Shaded","section":"Shading Mode"},"sceneLighting":false,"audioPlay":false,"sceneViewState":{"showFog":true,"showMaterialUpdate":true,"showSkybox":true,"showFlares":true,"showImageEffects":true,"showParticleSystems":true},"in2DMode":false,"pivot":{"x":10.859042167663575,"y":2.755708694458008,"z":4.529254913330078},"rotation":{"x":-0.32760193943977358,"y":-0.22376486659049989,"z":0.07952509820461273,"w":-0.9146115779876709},"size":29.248607635498048,"orthographic":false}