{"cameraMode":{"drawMode":0,"name":"Shaded","section":"Shading Mode"},"sceneLighting":false,"audioPlay":false,"sceneViewState":{"showFog":true,"showMaterialUpdate":true,"showSkybox":true,"showFlares":true,"showImageEffects":true,"showParticleSystems":true},"in2DMode":false,"pivot":{"x":13.996445655822754,"y":2.421377658843994,"z":15.919950485229493},"rotation":{"x":-0.045908231288194659,"y":0.9475762248039246,"z":-0.2733163833618164,"w":-0.15926814079284669},"size":22.0,"orthographic":false}