{"cameraMode":{"drawMode":0,"name":"Shaded","section":"Shading Mode"},"sceneLighting":false,"audioPlay":false,"sceneViewState":{"showFog":true,"showMaterialUpdate":true,"showSkybox":true,"showFlares":true,"showImageEffects":true,"showParticleSystems":true},"in2DMode":false,"pivot":{"x":0.2548491954803467,"y":1.1299998760223389,"z":8.482246398925782},"rotation":{"x":-0.28187549114227297,"y":-0.08469867706298828,"z":0.02437288872897625,"w":-0.9555158019065857},"size":4.041658878326416,"orthographic":false}