{"cameraMode":{"drawMode":0,"name":"Shaded","section":"Shading Mode"},"sceneLighting":false,"audioPlay":false,"sceneViewState":{"showFog":true,"showMaterialUpdate":true,"showSkybox":false,"showFlares":true,"showImageEffects":true,"showParticleSystems":true},"in2DMode":false,"pivot":{"x":7.021432876586914,"y":2.2332000732421877,"z":3.543024778366089},"rotation":{"x":0.13089337944984437,"y":0.8642106652259827,"z":-0.3893688917160034,"w":0.2905217111110687},"size":0.2857885956764221,"orthographic":false}