{"cameraMode":{"drawMode":0,"name":"Shaded","section":"Shading Mode"},"sceneLighting":false,"audioPlay":false,"sceneViewState":{"showFog":true,"showMaterialUpdate":true,"showSkybox":true,"showFlares":true,"showImageEffects":true,"showParticleSystems":true},"in2DMode":false,"pivot":{"x":19.978168487548829,"y":1.1299996376037598,"z":8.193495750427246},"rotation":{"x":-0.1275663673877716,"y":-0.8247526288032532,"z":0.20440490543842317,"w":-0.5118216872215271},"size":5.241658687591553,"orthographic":false}