{"cameraMode":{"drawMode":0,"name":"Shaded","section":"Shading Mode"},"sceneLighting":false,"audioPlay":false,"sceneViewState":{"showFog":true,"showMaterialUpdate":true,"showSkybox":true,"showFlares":true,"showImageEffects":true,"showParticleSystems":true},"in2DMode":false,"pivot":{"x":13.371339797973633,"y":-0.07971906661987305,"z":-4.180343151092529},"rotation":{"x":0.13089337944984437,"y":0.8642106652259827,"z":-0.3893688917160034,"w":0.2905217111110687},"size":1.1857891082763672,"orthographic":false}