{"cameraMode":{"drawMode":0,"name":"Shaded","section":"Shading Mode"},"sceneLighting":false,"audioPlay":false,"sceneViewState":{"showFog":true,"showMaterialUpdate":true,"showSkybox":true,"showFlares":true,"showImageEffects":true,"showParticleSystems":true},"in2DMode":false,"pivot":{"x":11.357136726379395,"y":1.62602961063385,"z":10.868133544921875},"rotation":{"x":0.06396538019180298,"y":0.9215381741523743,"z":-0.17227305471897126,"w":0.3421274423599243},"size":1.8160831928253174,"orthographic":false}